ID_Muestra,Ubicacion,Tipo_Manejo,Tipo_Suelo,Profundidad_cm,Año_Muestreo,Zona_Central_Fisica,Zona_Interna_Quimica,Zona_Media_Biologica,Zona_Externa_Enzimatica,pH,Materia_Organica_pct,Carbono_Organico_Total_pct,Nitrogeno_Total_pct,Fosforo_Asimilable_ppm,Potasio_Intercambiable_ppm,Biomasa_Microbiana_C_mg_kg,Respiracion_Basal_mg_CO2_kg_dia,Fosfatasa_Acida_mg_PNF_g_h,Beta_Glucosidasa_mg_PNF_g_h,Arilsulfatasa_mg_PNF_g_h,Densidad_Aparente_g_cm3,Capacidad_Retencion_Agua_pct,Resistencia_Penetracion_MPa,Color_Predominante,Textura_Visual,Integracion_Zonas,Formaciones_Radiales,Nubes_Enzimaticas,Puntuacion_Calidad_General,Diagnostico_Agroecologico,Referencia_Imagen,Observaciones
SOL-0001,"Victoria, Australia",Transición Agroecológica,Arenosol,15,2022,7,3,8,10,7.01,6.44,1.92,0.268,176.4,64.0,243.6,48.2,420.1,306.8,155.2,1.27,17.1,1.51,Negro,Irregular,Muy pobre,13,Fuertes,10,Suelo Muy Saludable,cromatograma_0001.jpg,Terminaciones de zona media sin picos
SOL-0002,"Mayabeque, Cuba",Huerta Biodinámica,Oxisol,15,2023,4,7,8,3,6.84,1.3,1.15,0.094,189.2,343.3,542.6,67.9,109.6,330.4,57.4,1.4,21.3,3.86,Marrón claro,Ligeramente irregular,Excelente,9,Débiles,7,Suelo Saludable,cromatograma_0002.jpg,Terminaciones de zona media sin picos
SOL-0003,"Bandeirantes, Paraná, Brasil",Cultivo con Cobertura Verde,Ferralsol Rojo Hidratado,5,2023,8,6,1,1,8.1,3.86,4.57,0.143,96.1,215.8,293.9,27.1,437.9,272.9,42.6,1.52,27.5,1.86,Amarillo-marrón,Muy irregular,Muy pobre,9,Débiles,2,Suelo Saludable,cromatograma_0003.jpg,Zonas bien definidas y proporcionadas
SOL-0004,"Gauteng, Sudáfrica",Integración Cultivo-Bosque,Vertisol,15,2024,5,8,2,2,4.68,1.95,3.04,0.019,124.6,439.0,630.1,35.4,465.2,77.4,223.8,0.96,58.7,1.85,Gris,Homogénea,Excelente,3,Débiles,2,Suelo Degradado,cromatograma_0004.jpg,Zonas bien definidas y proporcionadas
SOL-0005,"Córdoba, Colombia",Sistema Agroforestal,Ferralsol Rojo Hidratado,15,2019,7,9,3,8,5.62,2.32,2.18,0.458,37.6,262.9,148.2,105.4,269.2,155.2,159.0,1.41,29.9,1.69,Amarillo-marrón,Ligeramente irregular,Buena,7,Fuertes,8,Suelo con Deficiencias,cromatograma_0005.jpg,Color oscuro indica baja actividad biológica
SOL-0006,"Karnataka, India",Sistema Agroforestal,Ferralsol Rojo Hidratado,20,2019,10,5,9,10,8.3,5.85,2.47,0.068,198.3,485.7,777.4,35.4,322.8,373.4,142.3,1.03,36.7,2.39,Amarillo-marrón,Ligeramente irregular,Regular,5,Fuertes,8,Suelo Muy Saludable,cromatograma_0006.jpg,"Zonas desproporcionadas, falta integración"
SOL-0007,"Karnataka, India",Área en Barbecho,Arenosol,15,2024,3,1,4,2,8.06,3.33,4.75,0.292,50.2,133.5,390.3,83.5,394.2,113.1,224.3,1.5,23.8,1.04,Gris,Irregular,Buena,3,Fuertes,7,Suelo Saludable,cromatograma_0007.jpg,Presencia de formaciones radiales claras
SOL-0008,"Umbria, Italia",Agricultura Orgánica Certificada,Mollisol,5,2022,7,3,10,8,6.32,7.27,1.02,0.144,188.8,440.9,227.0,109.3,128.7,167.7,234.3,1.47,42.5,2.44,Gris,Ligeramente irregular,Excelente,3,Moderadas,9,Suelo Muy Saludable,cromatograma_0008.jpg,Alta densidad de líneas radiales
SOL-0009,"Gauteng, Sudáfrica",Agricultura Biodinámica,Oxisol,5,2020,8,10,7,10,6.98,7.5,3.06,0.282,131.7,399.5,105.1,25.0,276.2,189.9,64.5,1.28,27.6,2.4,Beige claro,Homogénea,Pobre,1,Moderadas,9,Suelo Muy Saludable,cromatograma_0009.jpg,Presencia de formaciones radiales claras
SOL-0010,"Mayabeque, Cuba",Permacultura,Oxisol,15,2022,5,8,3,1,5.61,1.64,2.68,0.329,123.5,396.9,177.3,89.4,229.4,192.6,190.9,1.4,24.3,3.17,Beige claro,Homogénea,Excelente,13,Débiles,1,Suelo Degradado,cromatograma_0010.jpg,Patrón irregular sugiere estrés del suelo
SOL-0011,"Canterbury, Nueva Zelanda",Área de Preservación Permanente,Latosol,10,2020,4,6,3,7,5.25,2.96,3.17,0.417,105.0,430.2,439.8,45.9,115.9,256.8,57.9,1.12,38.2,3.42,Marrón oscuro,Ligeramente irregular,Excelente,1,Fuertes,6,Suelo Saludable,cromatograma_0011.jpg,Patrón irregular sugiere estrés del suelo
SOL-0012,"Gauteng, Sudáfrica",Integración Ganado-Bosque,Ferralsol Rojo Hidratado,15,2019,8,8,2,1,6.35,1.4,0.39,0.111,50.0,392.5,302.8,144.8,215.4,378.9,230.4,1.23,15.2,2.04,Marrón claro,Irregular,Pobre,11,Fuertes,5,Suelo con Deficiencias,cromatograma_0012.jpg,Excelente armonía cromática
SOL-0013,"Baden-Württemberg, Alemania",Permacultura,Oxisol,5,2021,8,9,9,10,5.91,7.18,4.4,0.015,39.4,331.8,671.7,77.7,80.7,119.1,203.9,1.48,15.3,1.56,Gris,Irregular,Buena,13,Moderadas,8,Suelo con Deficiencias,cromatograma_0013.jpg,Ausencia de nubes enzimáticas
SOL-0014,"Boqueirão, Paraíba, Brasil",Agricultura Biodinámica,Inceptisol,5,2022,3,4,10,8,6.83,4.95,4.68,0.077,48.0,109.1,373.2,122.8,61.6,75.0,287.9,1.22,24.9,1.41,Amarillo-marrón,Muy irregular,Regular,3,Ausentes,6,Suelo con Deficiencias,cromatograma_0014.jpg,Terminaciones de zona media sin picos
SOL-0015,"Andalucía, España",Área en Recuperación,Latosol,20,2021,6,1,6,10,4.81,5.59,2.96,0.451,41.4,64.6,236.5,87.0,110.8,103.1,39.3,1.15,16.7,1.18,Marrón claro,Homogénea,Excelente,4,Moderadas,6,Suelo Moderadamente Saludable,cromatograma_0015.jpg,Patrón irregular sugiere estrés del suelo
SOL-0016,"California, EE.UU.",Integración Ganado-Bosque,Inceptisol,15,2020,5,1,10,10,8.4,6.42,3.57,0.438,157.0,464.4,512.9,16.1,483.4,358.2,36.0,1.25,19.9,0.7,Marrón oscuro,Muy irregular,Excelente,7,Débiles,1,Suelo Saludable,cromatograma_0016.jpg,Excelente armonía cromática
SOL-0017,"São Paulo, Brasil",Bosque Atlántico Remanente,Arenosol,15,2022,2,10,3,10,8.44,4.24,4.64,0.303,73.3,327.5,580.1,98.6,297.3,269.0,99.0,1.48,30.2,1.7,Amarillo-marrón,Irregular,Regular,14,Fuertes,4,Suelo Moderadamente Saludable,cromatograma_0017.jpg,Buena distribución mineral-orgánica
SOL-0018,"Bandeirantes, Paraná, Brasil",Cultivo con Cobertura Verde,Inceptisol,20,2021,8,4,8,2,7.29,1.15,3.62,0.304,16.3,408.4,175.3,143.2,484.6,135.8,93.3,1.13,51.1,1.45,Negro,Muy irregular,Excelente,5,Fuertes,5,Suelo Moderadamente Saludable,cromatograma_0018.jpg,Zona central compacta
SOL-0019,"Boqueirão, Paraíba, Brasil",Huerta Biodinámica,Ultisol,5,2021,6,7,8,3,6.64,4.53,1.02,0.336,194.0,266.7,175.7,94.2,244.6,331.9,89.2,1.02,40.7,3.88,Marrón oscuro,Irregular,Regular,13,Débiles,3,Suelo Moderadamente Saludable,cromatograma_0019.jpg,Zonas bien definidas y proporcionadas
SOL-0020,Australia Occidental,Área en Barbecho,Alfisol,20,2022,2,2,2,2,5.74,0.64,3.01,0.096,177.3,102.8,77.5,124.7,190.3,348.7,273.8,1.4,38.1,2.45,Gris,Muy irregular,Regular,14,Ausentes,4,Suelo Degradado,cromatograma_0020.jpg,Terminaciones de zona media sin picos
SOL-0021,"Karnataka, India",Área de Preservación Permanente,Inceptisol,10,2021,5,3,3,1,7.76,1.12,3.15,0.458,185.9,106.3,602.3,133.8,277.8,343.2,89.9,1.48,28.2,1.72,Negro,Muy irregular,Regular,3,Débiles,4,Suelo Degradado,cromatograma_0021.jpg,Buena distribución mineral-orgánica
SOL-0022,"Évora, Portugal",Agricultura Biodinámica,Arenosol,15,2022,1,1,9,8,7.24,5.54,2.29,0.215,199.0,358.5,547.9,41.9,247.8,370.0,96.1,0.97,56.9,2.53,Negro,Homogénea,Pobre,12,Moderadas,10,Suelo Muy Saludable,cromatograma_0022.jpg,Patrón irregular sugiere estrés del suelo
SOL-0023,"Toscana, Italia",Agricultura Orgánica Certificada,Ultisol,5,2021,10,5,8,7,5.15,5.27,3.76,0.198,38.9,243.6,406.0,39.7,97.5,123.3,232.6,1.07,32.9,0.99,Marrón oscuro,Homogénea,Buena,10,Moderadas,9,Suelo Muy Saludable,cromatograma_0023.jpg,Alta densidad de líneas radiales
SOL-0024,"Bandeirantes, Paraná, Brasil",Huerta Biodinámica,Arenosol,20,2019,6,1,10,5,8.14,2.63,4.69,0.264,82.3,140.2,683.1,95.5,338.4,309.4,145.9,1.0,18.9,2.05,Gris,Muy irregular,Buena,6,Ausentes,10,Suelo Saludable,cromatograma_0024.jpg,Zona externa con nubes enzimáticas prominentes
SOL-0025,"Baden-Württemberg, Alemania",Agricultura Orgánica Certificada,Arenosol,5,2022,9,8,2,2,7.79,3.22,4.65,0.033,152.9,271.2,654.3,67.5,147.2,200.4,237.5,1.14,42.8,2.69,Amarillo-marrón,Irregular,Muy pobre,7,Fuertes,5,Suelo Saludable,cromatograma_0025.jpg,Color oscuro indica baja actividad biológica
SOL-0026,Australia Occidental,Integración Ganado-Bosque,Ferralsol Rojo Hidratado,10,2019,1,1,2,1,8.3,0.56,2.42,0.091,140.7,78.9,489.0,127.6,328.8,341.5,38.3,1.22,20.1,2.21,Negro,Irregular,Pobre,1,Débiles,3,Suelo Degradado,cromatograma_0026.jpg,Patrón irregular sugiere estrés del suelo
SOL-0027,"Punjab, India",Bosque Atlántico Remanente,Arenosol,15,2024,10,1,8,10,7.4,5.79,0.83,0.372,35.0,311.9,701.2,136.0,342.6,299.5,156.5,1.42,30.5,1.91,Marrón oscuro,Homogénea,Muy pobre,11,Moderadas,10,Suelo Muy Saludable,cromatograma_0027.jpg,Terminaciones de zona media sin picos
SOL-0028,"Victoria, Australia",Agricultura Orgánica Certificada,Inceptisol,20,2023,3,2,7,9,6.95,4.86,4.93,0.051,164.1,171.0,204.4,59.5,118.4,317.3,29.4,1.36,37.8,3.98,Marrón oscuro,Homogénea,Buena,6,Moderadas,8,Suelo Muy Saludable,cromatograma_0028.jpg,Excelente armonía cromática
SOL-0029,"Punjab, India",Siembra Directa,Alfisol,5,2019,7,2,1,5,6.17,7.9,4.24,0.306,48.8,408.9,133.9,43.2,77.6,272.8,37.5,1.33,54.3,3.58,Amarillo-marrón,Ligeramente irregular,Buena,14,Fuertes,6,Suelo Moderadamente Saludable,cromatograma_0029.jpg,Color beige indica buena actividad biológica
SOL-0030,"Baden-Württemberg, Alemania",Transición Agroecológica,Arenosol,15,2021,4,6,9,9,8.23,5.04,0.89,0.13,48.6,189.7,252.3,119.3,401.3,95.6,273.8,1.15,37.2,2.68,Gris,Homogénea,Buena,13,Ausentes,8,Suelo con Deficiencias,cromatograma_0030.jpg,Zonas bien definidas y proporcionadas
SOL-0031,"California, EE.UU.",Suelo Expuesto/Degradado,Arenosol,15,2020,9,7,6,4,7.96,2.28,4.63,0.201,109.7,254.8,92.8,48.5,256.9,231.7,59.0,1.49,46.6,2.49,Marrón oscuro,Irregular,Excelente,1,Débiles,2,Suelo con Deficiencias,cromatograma_0031.jpg,Terminaciones de zona media sin picos
SOL-0032,"Karnataka, India",Huerta Biodinámica,Oxisol,5,2024,3,5,7,10,4.68,1.26,4.39,0.151,120.6,55.2,448.4,125.2,76.2,394.3,169.1,1.23,59.7,2.67,Marrón oscuro,Homogénea,Muy pobre,1,Ausentes,6,Suelo con Deficiencias,cromatograma_0032.jpg,Presencia de formaciones radiales claras
SOL-0033,"Oregon, EE.UU.",Permacultura,Vertisol,15,2019,5,1,1,2,4.61,0.86,2.74,0.184,118.1,82.6,752.5,69.3,497.7,376.8,135.1,1.59,20.9,1.2,Marrón oscuro,Ligeramente irregular,Pobre,7,Ausentes,4,Suelo Degradado,cromatograma_0033.jpg,Buena distribución mineral-orgánica
SOL-0034,"Andalucía, España",Agricultura Orgánica Certificada,Andisol,15,2024,3,1,7,9,6.01,2.34,3.08,0.362,22.8,226.6,79.5,103.5,76.0,46.0,117.3,1.34,27.4,1.88,Marrón claro,Muy irregular,Muy pobre,1,Moderadas,4,Suelo con Deficiencias,cromatograma_0034.jpg,Color oscuro indica baja actividad biológica
SOL-0035,"Córdoba, Colombia",Área de Preservación Permanente,Ultisol,20,2019,7,3,10,8,7.74,1.71,2.18,0.156,176.1,266.0,141.6,23.4,362.8,91.0,272.0,0.99,32.8,0.64,Beige claro,Muy irregular,Buena,14,Débiles,10,Suelo con Deficiencias,cromatograma_0035.jpg,Zona central compacta
SOL-0036,"Bandeirantes, Paraná, Brasil",Área en Recuperación,Vertisol,15,2019,5,2,3,3,8.45,1.9,0.56,0.288,56.8,320.0,389.1,97.3,492.7,78.7,26.1,1.37,34.0,2.16,Amarillo-marrón,Irregular,Pobre,10,Débiles,3,Suelo Moderadamente Saludable,cromatograma_0036.jpg,Presencia de formaciones radiales claras
SOL-0037,"Rift Valley, Kenia",Agricultura Convencional,Ultisol,20,2020,9,5,2,1,5.1,2.64,1.88,0.243,30.3,181.2,750.4,73.2,157.6,298.6,205.9,1.13,33.5,2.4,Marrón claro,Ligeramente irregular,Muy pobre,8,Débiles,9,Suelo Saludable,cromatograma_0037.jpg,Excelente armonía cromática
SOL-0038,"Fraiburgo, Santa Catarina, Brasil",Área de Preservación Permanente,Andisol,15,2020,7,10,2,2,6.88,1.46,4.07,0.335,178.3,362.7,287.1,92.1,114.0,332.6,289.8,1.38,55.8,1.3,Marrón oscuro,Muy irregular,Buena,11,Débiles,1,Suelo Degradado,cromatograma_0038.jpg,Alta densidad de líneas radiales
SOL-0039,"Punjab, India",Integración Ganado-Bosque,Alfisol,10,2019,2,6,7,10,6.02,6.39,0.32,0.469,191.4,437.1,430.4,33.5,104.6,109.0,176.8,0.95,47.1,3.87,Beige claro,Muy irregular,Buena,0,Moderadas,8,Suelo Muy Saludable,cromatograma_0039.jpg,Color beige indica buena actividad biológica
SOL-0040,"California, EE.UU.",Suelo Expuesto/Degradado,Latosol,10,2023,4,7,10,2,8.38,1.1,1.87,0.369,173.1,400.9,81.2,113.2,186.5,217.2,282.3,1.02,42.4,3.68,Amarillo-marrón,Homogénea,Pobre,14,Débiles,1,Suelo Moderadamente Saludable,cromatograma_0040.jpg,Zonas bien definidas y proporcionadas
SOL-0041,"Antioquia, Colombia",Bosque Atlántico Remanente,Andisol,20,2020,9,4,7,1,7.87,4.43,2.17,0.115,162.9,67.8,161.3,130.8,95.5,341.1,34.6,1.5,28.9,3.03,Negro,Muy irregular,Regular,8,Débiles,6,Suelo con Deficiencias,cromatograma_0041.jpg,Zona externa con nubes enzimáticas prominentes
SOL-0042,"Córdoba, Colombia",Pastoreo,Mollisol,20,2020,2,7,8,8,7.85,5.17,2.83,0.025,132.8,266.2,790.0,40.3,361.5,301.1,137.3,1.06,52.1,2.37,Amarillo-marrón,Irregular,Pobre,14,Moderadas,10,Suelo Muy Saludable,cromatograma_0042.jpg,Zona central compacta
SOL-0043,"Umbria, Italia",Cultivo Mínimo,Vertisol,10,2020,10,8,4,8,6.37,7.87,4.62,0.139,112.4,97.2,773.8,23.4,78.0,230.6,92.8,1.49,58.0,3.54,Marrón claro,Muy irregular,Regular,0,Débiles,8,Suelo Moderadamente Saludable,cromatograma_0043.jpg,Terminaciones de zona media sin picos
SOL-0044,Australia Occidental,Pastoreo,Inceptisol,15,2022,9,1,2,3,6.16,1.12,1.93,0.302,22.0,158.9,53.7,13.3,279.2,248.4,224.6,1.1,52.0,0.96,Marrón claro,Irregular,Excelente,9,Ausentes,3,Suelo Degradado,cromatograma_0044.jpg,Terminaciones de zona media sin picos
SOL-0045,"Rift Valley, Kenia",Integración Cultivo-Bosque,Ferralsol Rojo Hidratado,20,2024,10,6,1,5,5.59,3.48,1.93,0.035,84.6,494.0,763.9,99.9,498.5,218.1,294.8,1.35,15.1,3.27,Marrón claro,Irregular,Pobre,12,Moderadas,4,Suelo con Deficiencias,cromatograma_0045.jpg,Excelente armonía cromática
SOL-0046,"Antioquia, Colombia",Integración Cultivo-Bosque,Mollisol,5,2019,5,8,1,3,4.73,1.32,3.77,0.253,77.7,114.1,529.3,95.0,416.3,140.1,91.8,1.39,43.6,0.94,Amarillo-marrón,Homogénea,Regular,9,Ausentes,3,Suelo Degradado,cromatograma_0046.jpg,Excelente armonía cromática
SOL-0047,"Mayabeque, Cuba",Agricultura Convencional,Arenosol,15,2023,2,5,3,7,7.96,6.99,2.43,0.302,55.7,274.5,700.9,86.5,326.8,239.1,203.2,1.26,17.3,3.28,Gris,Ligeramente irregular,Muy pobre,1,Débiles,10,Suelo Moderadamente Saludable,cromatograma_0047.jpg,Patrón irregular sugiere estrés del suelo
SOL-0048,"Boqueirão, Paraíba, Brasil",Integración Cultivo-Bosque,Arenosol,15,2020,4,4,10,7,7.75,6.54,1.36,0.174,146.1,328.2,391.1,42.5,187.8,284.9,75.5,1.11,26.6,1.47,Marrón oscuro,Irregular,Buena,5,Fuertes,9,Suelo Muy Saludable,cromatograma_0048.jpg,Color beige indica buena actividad biológica
SOL-0049,"Chiapas, México",Permacultura,Inceptisol,10,2022,7,2,2,9,8.5,2.43,2.43,0.388,101.7,366.1,436.7,64.7,330.8,353.1,178.3,1.05,17.7,3.57,Amarillo-marrón,Muy irregular,Excelente,5,Débiles,1,Suelo Saludable,cromatograma_0049.jpg,Color oscuro indica baja actividad biológica
SOL-0050,"Mayabeque, Cuba",Transición Agroecológica,Inceptisol,20,2024,8,6,2,3,8.49,1.78,0.96,0.062,20.8,301.8,416.6,93.2,287.2,265.4,149.9,0.92,42.2,3.8,Negro,Muy irregular,Pobre,0,Ausentes,4,Suelo con Deficiencias,cromatograma_0050.jpg,Color oscuro indica baja actividad biológica
SOL-0051,"Oaxaca, México",Transición Agroecológica,Oxisol,15,2021,3,6,1,2,6.72,1.68,1.13,0.047,47.9,54.4,550.1,79.5,241.7,311.6,292.2,1.11,45.9,1.02,Negro,Irregular,Regular,6,Débiles,3,Suelo Degradado,cromatograma_0051.jpg,"Zonas desproporcionadas, falta integración"
SOL-0052,"Oaxaca, México",Agricultura Convencional,Ultisol,20,2021,1,1,7,9,7.58,4.53,2.64,0.367,138.2,196.9,154.7,148.3,108.8,89.2,190.4,1.36,20.2,2.12,Negro,Muy irregular,Muy pobre,7,Fuertes,8,Suelo Muy Saludable,cromatograma_0052.jpg,Ausencia de nubes enzimáticas
SOL-0053,"Toscana, Italia",Permacultura,Oxisol,20,2020,4,9,9,8,8.28,7.32,2.27,0.253,19.8,283.0,72.5,29.1,449.0,200.8,117.9,1.56,32.3,3.93,Marrón oscuro,Homogénea,Regular,1,Fuertes,10,Suelo Muy Saludable,cromatograma_0053.jpg,Ausencia de nubes enzimáticas
SOL-0054,"Córdoba, Colombia",Huerta Biodinámica,Andisol,20,2023,2,6,9,4,7.9,4.79,4.6,0.347,171.0,89.5,280.9,107.3,252.4,33.5,51.9,1.51,35.5,2.19,Beige claro,Muy irregular,Pobre,7,Moderadas,10,Suelo Saludable,cromatograma_0054.jpg,Buena distribución mineral-orgánica
SOL-0055,"São Paulo, Brasil",Agricultura Biodinámica,Latosol,10,2023,8,3,10,9,5.49,2.6,2.0,0.223,101.6,207.8,578.5,66.6,137.6,121.3,62.3,1.44,31.6,3.52,Marrón claro,Homogénea,Regular,8,Débiles,6,Suelo Moderadamente Saludable,cromatograma_0055.jpg,Color oscuro indica baja actividad biológica
SOL-0056,"Gauteng, Sudáfrica",Agricultura Orgánica Certificada,Vertisol,20,2024,4,4,6,6,6.3,6.27,3.03,0.131,98.7,64.9,201.4,69.9,215.5,298.8,83.1,1.45,20.4,2.56,Marrón oscuro,Irregular,Pobre,5,Moderadas,5,Suelo Saludable,cromatograma_0056.jpg,Alta densidad de líneas radiales
SOL-0057,"Oregon, EE.UU.",Cultivo con Cobertura Verde,Inceptisol,10,2024,2,4,10,3,5.02,1.9,3.27,0.411,120.5,85.4,555.1,110.5,236.4,397.0,90.3,1.37,33.9,1.81,Marrón claro,Irregular,Regular,4,Ausentes,10,Suelo Saludable,cromatograma_0057.jpg,Patrón irregular sugiere estrés del suelo
SOL-0058,"Baden-Württemberg, Alemania",Siembra Directa,Ultisol,5,2019,6,3,10,1,8.32,2.93,0.36,0.402,165.8,228.6,777.4,106.9,422.4,66.7,258.2,1.08,48.8,1.5,Marrón oscuro,Irregular,Buena,11,Débiles,9,Suelo Moderadamente Saludable,cromatograma_0058.jpg,Zonas bien definidas y proporcionadas
SOL-0059,"Mayabeque, Cuba",Permacultura,Vertisol,15,2020,6,10,6,4,6.92,3.69,3.42,0.35,72.8,109.7,120.4,148.8,380.1,178.6,177.1,1.54,18.2,1.21,Marrón claro,Homogénea,Pobre,8,Moderadas,2,Suelo Moderadamente Saludable,cromatograma_0059.jpg,Buena distribución mineral-orgánica
SOL-0060,"Chiapas, México",Siembra Directa,Andisol,15,2021,10,3,1,9,5.41,4.31,1.14,0.143,137.2,305.4,554.5,28.0,396.2,326.0,166.5,1.37,18.6,3.17,Marrón oscuro,Muy irregular,Pobre,12,Ausentes,5,Suelo Moderadamente Saludable,cromatograma_0060.jpg,Alta densidad de líneas radiales
SOL-0061,"Boqueirão, Paraíba, Brasil",Bosque Atlántico Remanente,Latosol,5,2019,4,3,10,8,7.19,7.25,4.82,0.299,115.3,360.3,382.8,24.6,55.0,105.5,52.1,1.29,31.0,1.85,Beige claro,Homogénea,Excelente,11,Moderadas,10,Suelo Muy Saludable,cromatograma_0061.jpg,Alta densidad de líneas radiales
SOL-0062,"Baden-Württemberg, Alemania",Sistema Agroforestal,Mollisol,10,2023,6,4,10,7,6.97,5.17,1.0,0.187,57.1,410.3,701.1,111.4,237.3,235.4,260.8,0.98,57.4,2.29,Amarillo-marrón,Muy irregular,Buena,10,Moderadas,10,Suelo Muy Saludable,cromatograma_0062.jpg,Color oscuro indica baja actividad biológica
SOL-0063,"Valle del Cauca, Colombia",Suelo Expuesto/Degradado,Oxisol,15,2019,2,7,6,7,5.93,5.08,2.25,0.055,176.3,140.1,182.9,91.0,266.6,301.2,222.4,1.21,45.1,2.22,Negro,Muy irregular,Pobre,8,Ausentes,5,Suelo con Deficiencias,cromatograma_0063.jpg,Presencia de formaciones radiales claras
SOL-0064,"Victoria, Australia",Área en Barbecho,Andisol,10,2021,10,4,6,4,4.95,2.66,0.7,0.459,160.5,125.4,569.5,48.4,58.6,257.9,38.9,1.22,45.5,2.52,Marrón claro,Homogénea,Muy pobre,0,Ausentes,9,Suelo con Deficiencias,cromatograma_0064.jpg,Color oscuro indica baja actividad biológica
SOL-0065,"Toscana, Italia",Agricultura Orgánica Certificada,Arenosol,10,2023,2,9,5,3,7.19,4.86,4.99,0.077,133.4,97.1,678.6,21.1,166.9,99.6,218.2,1.51,31.3,3.53,Marrón oscuro,Ligeramente irregular,Regular,10,Fuertes,1,Suelo Saludable,cromatograma_0065.jpg,Presencia de formaciones radiales claras
SOL-0066,"Oaxaca, México",Área en Barbecho,Oxisol,10,2024,10,1,1,10,6.58,1.66,2.66,0.476,170.9,336.4,758.5,22.0,392.1,161.5,172.2,1.28,41.7,3.93,Beige claro,Irregular,Muy pobre,2,Fuertes,7,Suelo Saludable,cromatograma_0066.jpg,Excelente armonía cromática
SOL-0067,"Andalucía, España",Integración Ganado-Bosque,Ferralsol Rojo Hidratado,5,2022,4,8,8,5,7.59,4.11,3.1,0.229,174.1,367.9,562.4,135.2,111.7,320.0,42.9,1.17,15.5,1.93,Beige claro,Muy irregular,Regular,8,Moderadas,10,Suelo con Deficiencias,cromatograma_0067.jpg,Alta densidad de líneas radiales
SOL-0068,Australia Occidental,Pastoreo,Oxisol,5,2022,8,7,1,2,6.58,1.9,0.62,0.101,143.1,64.2,422.9,36.9,290.9,235.1,148.3,1.58,43.6,3.4,Negro,Muy irregular,Regular,10,Débiles,2,Suelo Degradado,cromatograma_0068.jpg,Ausencia de nubes enzimáticas
SOL-0069,"Punjab, India",Pastoreo,Andisol,10,2024,7,2,5,3,7.91,0.89,3.82,0.276,168.2,471.3,513.4,55.3,146.8,31.9,155.7,0.98,56.1,3.18,Marrón oscuro,Homogénea,Excelente,1,Fuertes,4,Suelo Saludable,cromatograma_0069.jpg,"Zonas desproporcionadas, falta integración"
SOL-0070,"Boqueirão, Paraíba, Brasil",Integración Cultivo-Bosque,Inceptisol,20,2020,9,8,3,1,6.71,1.63,1.29,0.438,141.0,73.4,701.7,41.7,55.5,311.6,66.4,1.2,42.6,2.51,Amarillo-marrón,Ligeramente irregular,Pobre,11,Ausentes,4,Suelo Degradado,cromatograma_0070.jpg,"Zonas desproporcionadas, falta integración"
SOL-0071,"São Paulo, Brasil",Área en Recuperación,Latosol,5,2019,8,1,3,1,6.74,1.8,4.52,0.369,137.6,293.6,478.0,59.7,158.5,43.1,284.8,0.93,54.3,3.85,Marrón claro,Irregular,Regular,3,Débiles,3,Suelo Degradado,cromatograma_0071.jpg,Zona central compacta
SOL-0072,"Canterbury, Nueva Zelanda",Área de Preservación Permanente,Andisol,20,2023,5,9,6,5,8.01,0.98,1.26,0.405,125.6,369.1,72.8,19.7,489.1,305.9,258.0,1.42,47.6,1.2,Amarillo-marrón,Ligeramente irregular,Excelente,3,Moderadas,4,Suelo Moderadamente Saludable,cromatograma_0072.jpg,Alta densidad de líneas radiales
SOL-0073,"Karnataka, India",Permacultura,Inceptisol,20,2024,2,9,7,9,6.11,5.75,1.2,0.333,151.8,441.9,748.2,82.7,410.7,104.9,207.3,1.54,20.4,0.88,Gris,Irregular,Muy pobre,1,Fuertes,9,Suelo Muy Saludable,cromatograma_0073.jpg,Patrón irregular sugiere estrés del suelo
SOL-0074,"Rift Valley, Kenia",Pastoreo,Inceptisol,10,2024,5,2,3,5,5.04,2.92,0.47,0.349,35.9,371.3,567.1,19.5,481.8,384.5,149.4,1.1,55.6,3.49,Beige claro,Muy irregular,Excelente,14,Ausentes,4,Suelo con Deficiencias,cromatograma_0074.jpg,Color beige indica buena actividad biológica
SOL-0075,"Valle del Cauca, Colombia",Pastoreo,Oxisol,20,2020,8,7,10,10,4.62,5.36,2.52,0.426,176.8,410.8,557.4,122.0,269.5,166.1,135.3,1.5,18.0,2.04,Beige claro,Muy irregular,Muy pobre,2,Moderadas,10,Suelo Muy Saludable,cromatograma_0075.jpg,Color oscuro indica baja actividad biológica
SOL-0076,"Boqueirão, Paraíba, Brasil",Área de Preservación Permanente,Latosol,20,2019,10,10,8,9,7.52,2.41,2.95,0.132,175.0,202.8,211.8,42.7,99.4,151.0,202.3,1.1,39.0,3.46,Negro,Homogénea,Pobre,12,Fuertes,9,Suelo con Deficiencias,cromatograma_0076.jpg,Presencia de formaciones radiales claras
SOL-0077,"Karnataka, India",Integración Cultivo-Bosque,Andisol,20,2024,9,3,10,9,6.98,7.7,0.61,0.25,10.7,416.7,544.2,85.6,296.6,85.1,172.7,1.54,21.4,3.63,Marrón oscuro,Homogénea,Regular,2,Fuertes,9,Suelo Muy Saludable,cromatograma_0077.jpg,Patrón irregular sugiere estrés del suelo
SOL-0078,"Mayabeque, Cuba",Cultivo Mínimo,Andisol,10,2021,9,7,2,5,7.32,6.2,3.94,0.118,166.0,86.1,345.4,133.2,254.5,143.1,37.4,1.43,15.5,0.72,Gris,Ligeramente irregular,Buena,0,Fuertes,1,Suelo con Deficiencias,cromatograma_0078.jpg,Alta densidad de líneas radiales
SOL-0079,"Chiapas, México",Pastoreo,Arenosol,10,2024,1,10,10,7,5.35,5.72,2.43,0.494,30.1,452.7,538.4,101.1,430.0,354.4,163.5,1.46,34.0,3.59,Gris,Ligeramente irregular,Muy pobre,5,Moderadas,8,Suelo Muy Saludable,cromatograma_0079.jpg,Color beige indica buena actividad biológica
SOL-0080,"Córdoba, Colombia",Integración Cultivo-Bosque,Ultisol,5,2023,9,9,3,10,5.05,4.04,2.76,0.473,70.3,296.4,129.9,84.6,94.1,398.6,245.8,0.91,28.3,2.07,Gris,Irregular,Regular,7,Fuertes,9,Suelo Moderadamente Saludable,cromatograma_0080.jpg,Color oscuro indica baja actividad biológica
SOL-0081,"Oregon, EE.UU.",Cultivo Mínimo,Vertisol,5,2019,7,4,3,1,4.56,0.62,2.37,0.029,150.0,417.8,543.4,55.4,269.7,166.3,148.6,1.57,36.9,2.29,Marrón oscuro,Homogénea,Buena,11,Débiles,3,Suelo Degradado,cromatograma_0081.jpg,"Zonas desproporcionadas, falta integración"
SOL-0082,"Victoria, Australia",Área en Recuperación,Ultisol,20,2023,9,1,8,10,5.9,3.12,2.18,0.356,36.3,253.5,799.6,56.6,117.5,196.0,34.5,1.41,41.0,2.69,Marrón claro,Muy irregular,Buena,2,Ausentes,8,Suelo con Deficiencias,cromatograma_0082.jpg,Alta densidad de líneas radiales
SOL-0083,"Oaxaca, México",Integración Cultivo-Bosque,Andisol,10,2019,8,2,4,3,6.86,1.58,2.93,0.463,164.5,339.6,86.2,103.7,196.1,297.2,240.2,1.11,17.0,3.74,Beige claro,Homogénea,Muy pobre,4,Ausentes,3,Suelo Degradado,cromatograma_0083.jpg,Zona central compacta
SOL-0084,"Fraiburgo, Santa Catarina, Brasil",Agricultura Orgánica Certificada,Oxisol,10,2021,1,1,10,3,6.07,6.73,1.03,0.098,167.3,286.9,782.9,149.2,381.8,357.9,76.4,1.48,20.5,0.57,Marrón oscuro,Ligeramente irregular,Regular,0,Moderadas,4,Suelo con Deficiencias,cromatograma_0084.jpg,Alta densidad de líneas radiales
SOL-0085,"Oaxaca, México",Pastoreo,Mollisol,20,2023,8,5,7,7,6.25,7.74,1.16,0.288,104.0,379.2,355.2,102.7,264.2,249.4,92.4,1.1,40.1,2.17,Gris,Homogénea,Buena,9,Débiles,8,Suelo con Deficiencias,cromatograma_0085.jpg,Ausencia de nubes enzimáticas
SOL-0086,"Oaxaca, México",Agricultura Biodinámica,Andisol,5,2022,8,5,10,2,8.12,1.43,4.35,0.459,6.2,86.7,703.1,88.1,219.1,174.9,66.1,1.51,30.4,2.91,Beige claro,Muy irregular,Excelente,6,Ausentes,3,Suelo Moderadamente Saludable,cromatograma_0086.jpg,Color beige indica buena actividad biológica
SOL-0087,Australia Occidental,Agricultura Convencional,Ferralsol Rojo Hidratado,10,2024,3,7,10,9,5.89,5.79,4.75,0.027,61.0,77.2,636.8,112.3,227.5,182.7,112.5,0.98,47.8,3.03,Beige claro,Homogénea,Excelente,9,Fuertes,10,Suelo Muy Saludable,cromatograma_0087.jpg,Patrón irregular sugiere estrés del suelo
SOL-0088,"Canterbury, Nueva Zelanda",Siembra Directa,Inceptisol,5,2021,1,9,10,10,6.56,7.54,2.05,0.352,125.3,161.2,475.3,75.1,256.8,287.4,231.9,1.39,44.4,2.92,Gris,Ligeramente irregular,Regular,12,Moderadas,2,Suelo con Deficiencias,cromatograma_0088.jpg,Zona central compacta
SOL-0089,"Córdoba, Colombia",Permacultura,Alfisol,20,2019,8,9,10,9,7.63,6.56,1.57,0.156,196.3,121.8,603.8,18.4,403.3,31.2,165.4,1.28,53.1,0.97,Gris,Muy irregular,Pobre,0,Moderadas,10,Suelo Muy Saludable,cromatograma_0089.jpg,Presencia de formaciones radiales claras
SOL-0090,"Punjab, India",Transición Agroecológica,Andisol,10,2023,3,3,7,1,6.09,1.0,3.33,0.463,128.2,442.3,708.9,88.7,451.4,259.2,77.4,0.97,46.2,1.55,Beige claro,Irregular,Excelente,11,Fuertes,7,Suelo Moderadamente Saludable,cromatograma_0090.jpg,"Zonas desproporcionadas, falta integración"
SOL-0091,"Canterbury, Nueva Zelanda",Agricultura Convencional,Ferralsol Rojo Hidratado,20,2024,3,3,9,6,6.99,6.06,2.22,0.486,55.7,148.6,353.1,144.1,479.9,161.5,265.8,1.07,34.3,1.76,Negro,Irregular,Muy pobre,10,Moderadas,10,Suelo Saludable,cromatograma_0091.jpg,Excelente armonía cromática
SOL-0092,"Victoria, Australia",Pastoreo,Ferralsol Rojo Hidratado,15,2021,1,3,4,2,7.95,1.27,0.42,0.473,128.6,489.1,295.3,34.5,404.1,323.9,266.3,0.91,45.3,3.32,Amarillo-marrón,Muy irregular,Regular,8,Ausentes,1,Suelo Degradado,cromatograma_0092.jpg,Ausencia de nubes enzimáticas
SOL-0093,"Boqueirão, Paraíba, Brasil",Agricultura Convencional,Vertisol,20,2019,5,4,1,8,8.3,6.81,1.03,0.242,110.3,201.6,550.7,106.6,191.9,64.4,263.8,1.23,27.4,1.48,Amarillo-marrón,Muy irregular,Buena,7,Fuertes,10,Suelo con Deficiencias,cromatograma_0093.jpg,Alta densidad de líneas radiales
SOL-0094,"Toscana, Italia",Cultivo con Cobertura Verde,Latosol,20,2022,10,8,10,10,5.09,1.55,3.67,0.432,157.1,132.0,655.9,38.1,359.7,247.6,86.9,1.11,28.8,1.24,Beige claro,Muy irregular,Excelente,6,Ausentes,8,Suelo Moderadamente Saludable,cromatograma_0094.jpg,Buena distribución mineral-orgánica
SOL-0095,"Victoria, Australia",Siembra Directa,Andisol,20,2022,7,6,8,10,8.21,4.14,3.4,0.424,25.9,405.4,621.7,85.0,246.9,208.0,146.3,1.32,50.5,3.85,Marrón claro,Ligeramente irregular,Regular,9,Moderadas,8,Suelo Muy Saludable,cromatograma_0095.jpg,Color oscuro indica baja actividad biológica
SOL-0096,"Fraiburgo, Santa Catarina, Brasil",Integración Ganado-Bosque,Latosol,10,2019,10,8,1,2,6.47,2.01,0.43,0.166,153.4,346.4,648.4,23.5,164.6,267.7,295.8,1.11,35.1,0.53,Marrón claro,Muy irregular,Regular,14,Débiles,7,Suelo con Deficiencias,cromatograma_0096.jpg,Color beige indica buena actividad biológica
SOL-0097,"Baden-Württemberg, Alemania",Integración Ganado-Bosque,Mollisol,20,2022,9,1,9,9,5.53,5.53,1.34,0.416,110.5,274.2,376.7,73.1,428.4,54.0,236.2,1.11,50.9,3.99,Negro,Ligeramente irregular,Pobre,6,Moderadas,8,Suelo Muy Saludable,cromatograma_0097.jpg,Alta densidad de líneas radiales
SOL-0098,"Gauteng, Sudáfrica",Cultivo con Cobertura Verde,Oxisol,20,2021,7,8,6,2,6.34,1.73,1.39,0.028,192.8,299.9,663.4,115.9,67.3,244.6,27.6,1.42,52.0,2.87,Marrón oscuro,Muy irregular,Buena,4,Fuertes,8,Suelo Saludable,cromatograma_0098.jpg,Zona central compacta
SOL-0099,"Karnataka, India",Suelo Expuesto/Degradado,Alfisol,15,2024,9,4,9,5,8.42,6.61,3.46,0.302,71.7,373.6,140.2,58.7,455.8,237.7,38.3,0.93,53.6,3.4,Beige claro,Ligeramente irregular,Buena,4,Débiles,4,Suelo con Deficiencias,cromatograma_0099.jpg,Zona central compacta
SOL-0100,"Fraiburgo, Santa Catarina, Brasil",Cultivo con Cobertura Verde,Oxisol,10,2022,8,1,4,2,6.47,1.06,0.39,0.123,128.4,152.8,458.4,103.1,257.7,237.4,149.9,1.53,56.2,1.53,Marrón claro,Ligeramente irregular,Buena,10,Ausentes,2,Suelo Degradado,cromatograma_0100.jpg,Alta densidad de líneas radiales
SOL-0101,"Oregon, EE.UU.",Cultivo con Cobertura Verde,Ferralsol Rojo Hidratado,15,2024,2,8,5,6,5.82,4.42,0.79,0.069,186.7,498.4,54.3,121.4,336.7,253.3,274.6,1.5,34.4,0.55,Beige claro,Homogénea,Muy pobre,12,Moderadas,6,Suelo con Deficiencias,cromatograma_0101.jpg,Excelente armonía cromática
SOL-0102,"Chiapas, México",Área en Barbecho,Inceptisol,20,2020,1,4,3,2,7.03,0.97,4.06,0.048,25.0,488.7,293.4,139.8,346.7,280.3,170.8,1.37,29.3,3.08,Negro,Irregular,Regular,4,Débiles,2,Suelo Degradado,cromatograma_0102.jpg,Presencia de formaciones radiales claras
SOL-0103,"Córdoba, Colombia",Cultivo Mínimo,Inceptisol,10,2022,7,6,7,7,5.46,6.94,1.14,0.351,187.8,342.6,324.8,42.8,452.8,327.8,159.4,1.32,41.2,3.42,Gris,Muy irregular,Muy pobre,0,Fuertes,8,Suelo Muy Saludable,cromatograma_0103.jpg,Alta densidad de líneas radiales
SOL-0104,"Victoria, Australia",Integración Ganado-Bosque,Latosol,15,2020,7,8,5,1,4.8,3.44,3.37,0.177,139.1,139.8,347.1,65.9,336.5,129.8,49.5,1.52,31.7,3.09,Negro,Irregular,Muy pobre,7,Fuertes,10,Suelo con Deficiencias,cromatograma_0104.jpg,Alta densidad de líneas radiales
SOL-0105,"Punjab, India",Cultivo Mínimo,Oxisol,20,2024,8,4,6,6,5.02,6.62,1.42,0.365,18.2,356.1,571.6,31.3,326.3,335.3,203.9,1.03,42.0,1.0,Negro,Irregular,Regular,11,Ausentes,7,Suelo Moderadamente Saludable,cromatograma_0105.jpg,Ausencia de nubes enzimáticas
SOL-0106,"Baden-Württemberg, Alemania",Sistema Agroforestal,Ferralsol Rojo Hidratado,5,2023,5,3,7,4,5.01,3.79,0.77,0.042,63.7,82.5,341.4,148.9,80.0,214.4,250.2,0.96,46.8,3.14,Negro,Homogénea,Buena,10,Moderadas,10,Suelo Moderadamente Saludable,cromatograma_0106.jpg,Excelente armonía cromática
SOL-0107,"Karnataka, India",Área en Recuperación,Vertisol,15,2024,3,9,3,1,5.11,3.33,1.44,0.164,143.1,63.8,386.5,139.8,283.3,58.5,126.5,1.07,46.0,3.19,Marrón claro,Irregular,Regular,0,Fuertes,9,Suelo Saludable,cromatograma_0107.jpg,Color oscuro indica baja actividad biológica
SOL-0108,"Canterbury, Nueva Zelanda",Integración Ganado-Bosque,Arenosol,10,2021,8,3,10,7,5.06,3.97,3.69,0.274,18.1,166.0,228.2,85.6,117.6,51.7,237.2,1.46,31.9,2.8,Negro,Irregular,Pobre,3,Moderadas,10,Suelo Moderadamente Saludable,cromatograma_0108.jpg,Zonas bien definidas y proporcionadas
SOL-0109,"Antioquia, Colombia",Pastoreo,Oxisol,15,2023,6,9,3,9,7.06,2.76,4.32,0.397,118.5,258.2,329.9,127.9,381.8,153.7,290.1,0.92,22.5,3.18,Gris,Muy irregular,Regular,14,Moderadas,9,Suelo Saludable,cromatograma_0109.jpg,Color oscuro indica baja actividad biológica
SOL-0110,"Rift Valley, Kenia",Siembra Directa,Latosol,15,2023,3,2,10,7,5.23,5.05,4.2,0.166,72.4,440.7,220.5,82.9,280.5,320.4,77.1,1.31,34.4,3.46,Gris,Ligeramente irregular,Regular,8,Fuertes,10,Suelo Muy Saludable,cromatograma_0110.jpg,"Zonas desproporcionadas, falta integración"
SOL-0111,"Rift Valley, Kenia",Siembra Directa,Alfisol,15,2022,1,2,2,3,5.88,0.93,2.17,0.317,126.1,377.2,104.9,97.3,356.1,291.8,166.5,1.6,21.4,2.65,Gris,Muy irregular,Excelente,13,Débiles,4,Suelo Degradado,cromatograma_0111.jpg,Color beige indica buena actividad biológica
SOL-0112,"São Paulo, Brasil",Permacultura,Latosol,5,2022,3,2,7,8,8.09,7.41,3.44,0.444,13.9,384.2,502.6,22.5,68.8,321.8,100.4,1.5,55.1,0.81,Marrón oscuro,Muy irregular,Pobre,8,Fuertes,8,Suelo Muy Saludable,cromatograma_0112.jpg,Zona externa con nubes enzimáticas prominentes
SOL-0113,"Karnataka, India",Área en Barbecho,Ferralsol Rojo Hidratado,10,2022,5,6,4,1,6.4,1.72,1.26,0.312,174.9,241.5,551.2,115.7,88.2,221.4,242.0,1.27,30.6,2.21,Negro,Irregular,Excelente,4,Débiles,2,Suelo Degradado,cromatograma_0113.jpg,Color oscuro indica baja actividad biológica
SOL-0114,"São Paulo, Brasil",Transición Agroecológica,Andisol,10,2024,3,3,1,3,7.17,1.31,1.68,0.124,194.8,205.7,514.6,27.9,372.3,192.9,181.7,0.94,22.0,0.77,Gris,Irregular,Buena,3,Débiles,3,Suelo Degradado,cromatograma_0114.jpg,Buena distribución mineral-orgánica
SOL-0115,"Antioquia, Colombia",Cultivo con Cobertura Verde,Vertisol,10,2023,1,9,4,7,5.19,4.58,4.51,0.022,193.9,217.0,397.6,125.6,82.4,84.6,197.7,1.48,16.1,1.93,Marrón oscuro,Muy irregular,Buena,2,Ausentes,4,Suelo Saludable,cromatograma_0115.jpg,Terminaciones de zona media sin picos
SOL-0116,"Chiapas, México",Huerta Biodinámica,Ferralsol Rojo Hidratado,20,2021,5,4,5,10,5.27,7.3,0.36,0.436,151.2,494.4,334.8,119.5,82.1,151.4,243.4,1.32,44.1,1.92,Negro,Muy irregular,Pobre,2,Ausentes,1,Suelo Moderadamente Saludable,cromatograma_0116.jpg,Zona externa con nubes enzimáticas prominentes
SOL-0117,"Córdoba, Colombia",Agricultura Biodinámica,Vertisol,10,2021,10,1,10,10,4.66,5.18,0.7,0.02,30.4,68.0,697.5,109.2,55.4,190.6,130.9,0.98,43.7,0.73,Negro,Irregular,Muy pobre,11,Fuertes,1,Suelo Moderadamente Saludable,cromatograma_0117.jpg,Zona externa con nubes enzimáticas prominentes
SOL-0118,"Boqueirão, Paraíba, Brasil",Área en Barbecho,Ultisol,10,2020,7,4,10,3,5.18,1.38,1.28,0.439,152.9,440.2,439.3,15.1,480.4,62.8,276.2,0.97,30.3,1.72,Beige claro,Ligeramente irregular,Regular,4,Ausentes,4,Suelo Saludable,cromatograma_0118.jpg,Color beige indica buena actividad biológica
SOL-0119,Australia Occidental,Pastoreo,Ultisol,5,2019,7,1,5,7,5.61,7.55,0.42,0.269,9.8,310.4,409.4,52.4,381.9,111.6,169.2,1.54,18.2,0.89,Negro,Ligeramente irregular,Excelente,9,Moderadas,6,Suelo Saludable,cromatograma_0119.jpg,Color beige indica buena actividad biológica
SOL-0120,"Andalucía, España",Integración Cultivo-Bosque,Inceptisol,20,2021,9,5,8,9,5.21,6.04,1.15,0.47,9.3,247.4,69.2,46.8,209.0,251.3,64.2,1.37,33.4,3.33,Amarillo-marrón,Muy irregular,Pobre,0,Moderadas,8,Suelo Muy Saludable,cromatograma_0120.jpg,Presencia de formaciones radiales claras
SOL-0121,"Punjab, India",Área en Barbecho,Vertisol,20,2022,10,4,4,2,4.85,3.01,3.04,0.401,68.1,376.4,305.9,60.4,183.4,302.2,214.9,1.48,29.0,3.82,Beige claro,Ligeramente irregular,Excelente,4,Ausentes,6,Suelo Saludable,cromatograma_0121.jpg,"Zonas desproporcionadas, falta integración"
SOL-0122,"Antioquia, Colombia",Permacultura,Oxisol,15,2020,10,8,1,10,4.98,1.54,2.28,0.499,100.3,269.0,335.1,22.3,207.4,399.4,242.1,1.52,45.5,0.75,Marrón claro,Muy irregular,Regular,5,Moderadas,9,Suelo Moderadamente Saludable,cromatograma_0122.jpg,Buena distribución mineral-orgánica
SOL-0123,Australia Occidental,Integración Ganado-Bosque,Alfisol,20,2022,3,8,5,4,6.34,6.46,4.5,0.182,155.2,443.0,349.1,141.2,398.6,375.3,108.7,1.3,42.3,3.84,Amarillo-marrón,Homogénea,Muy pobre,6,Ausentes,9,Suelo Saludable,cromatograma_0123.jpg,Presencia de formaciones radiales claras
SOL-0124,"Victoria, Australia",Cultivo Mínimo,Arenosol,20,2023,7,7,7,8,5.33,5.15,4.14,0.386,138.2,455.3,485.1,87.5,347.6,267.7,260.0,1.26,31.4,2.33,Marrón claro,Irregular,Excelente,11,Fuertes,2,Suelo Saludable,cromatograma_0124.jpg,Excelente armonía cromática
SOL-0125,"Toulouse, Francia",Permacultura,Latosol,5,2023,1,3,2,1,5.96,1.69,1.91,0.207,92.0,239.8,450.2,52.8,133.3,185.9,273.7,1.2,24.8,1.55,Marrón oscuro,Muy irregular,Pobre,8,Ausentes,2,Suelo Degradado,cromatograma_0125.jpg,Buena distribución mineral-orgánica
SOL-0126,"Chiapas, México",Área de Preservación Permanente,Ultisol,10,2024,4,1,10,7,6.51,7.2,1.52,0.245,58.4,174.6,505.9,65.6,128.3,265.4,97.5,1.12,59.5,0.77,Amarillo-marrón,Muy irregular,Regular,2,Fuertes,1,Suelo Saludable,cromatograma_0126.jpg,Excelente armonía cromática
SOL-0127,"Victoria, Australia",Integración Cultivo-Bosque,Latosol,20,2022,4,1,9,10,7.26,7.21,2.08,0.317,199.4,316.6,623.7,72.6,94.3,320.7,295.4,1.2,35.4,2.25,Beige claro,Muy irregular,Regular,14,Moderadas,9,Suelo Muy Saludable,cromatograma_0127.jpg,Zona central compacta
SOL-0128,"Oregon, EE.UU.",Pastoreo,Latosol,20,2021,5,3,5,3,4.66,1.64,3.07,0.438,88.1,460.6,659.7,94.1,347.1,73.8,59.4,1.44,46.0,3.28,Marrón claro,Ligeramente irregular,Muy pobre,1,Moderadas,5,Suelo Saludable,cromatograma_0128.jpg,Excelente armonía cromática
SOL-0129,"Umbria, Italia",Huerta Biodinámica,Alfisol,5,2019,7,6,4,9,7.7,2.84,1.56,0.492,93.0,144.8,588.6,82.2,394.0,181.7,76.6,1.32,21.3,2.97,Marrón claro,Muy irregular,Pobre,13,Moderadas,4,Suelo con Deficiencias,cromatograma_0129.jpg,Zonas bien definidas y proporcionadas
SOL-0130,"Córdoba, Colombia",Cultivo con Cobertura Verde,Ferralsol Rojo Hidratado,20,2022,7,7,2,1,7.01,2.36,3.23,0.386,36.9,330.3,766.6,138.7,169.3,340.7,71.6,1.52,36.9,0.68,Marrón claro,Homogénea,Regular,2,Moderadas,4,Suelo con Deficiencias,cromatograma_0130.jpg,Alta densidad de líneas radiales
SOL-0131,"Umbria, Italia",Agricultura Convencional,Latosol,20,2021,4,6,1,2,4.83,1.1,2.22,0.215,160.0,334.2,63.7,79.6,59.4,172.0,270.3,1.21,16.2,0.76,Negro,Ligeramente irregular,Excelente,11,Débiles,1,Suelo Degradado,cromatograma_0131.jpg,Color oscuro indica baja actividad biológica
SOL-0132,"Karnataka, India",Agricultura Convencional,Vertisol,5,2020,7,6,4,3,7.99,0.61,2.89,0.216,140.3,379.9,196.8,148.9,87.0,241.6,203.2,1.32,37.7,1.91,Beige claro,Irregular,Buena,8,Débiles,4,Suelo Degradado,cromatograma_0132.jpg,Buena distribución mineral-orgánica
SOL-0133,"Gauteng, Sudáfrica",Siembra Directa,Alfisol,15,2022,3,6,10,1,8.18,4.77,2.35,0.371,48.1,109.2,55.7,129.2,485.5,247.5,62.6,1.34,58.4,1.53,Marrón claro,Homogénea,Pobre,11,Débiles,6,Suelo con Deficiencias,cromatograma_0133.jpg,Patrón irregular sugiere estrés del suelo
SOL-0134,"Baden-Württemberg, Alemania",Sistema Agroforestal,Ultisol,15,2020,6,3,4,2,4.74,1.52,1.68,0.127,21.1,372.1,535.6,39.2,183.0,98.3,143.3,1.31,32.3,1.31,Beige claro,Muy irregular,Excelente,6,Débiles,1,Suelo Degradado,cromatograma_0134.jpg,Color beige indica buena actividad biológica
SOL-0135,"Baden-Württemberg, Alemania",Cultivo Mínimo,Andisol,20,2021,2,6,2,1,5.61,1.15,4.76,0.064,137.7,459.1,723.5,140.3,396.2,164.0,192.3,1.39,16.8,1.48,Gris,Homogénea,Muy pobre,8,Ausentes,2,Suelo Degradado,cromatograma_0135.jpg,Patrón irregular sugiere estrés del suelo
SOL-0136,"Córdoba, Colombia",Huerta Biodinámica,Latosol,20,2021,10,8,1,6,7.72,3.07,3.89,0.184,132.6,130.9,232.6,26.3,331.1,153.8,43.4,1.07,16.4,3.31,Gris,Muy irregular,Muy pobre,12,Ausentes,6,Suelo Moderadamente Saludable,cromatograma_0136.jpg,Ausencia de nubes enzimáticas
SOL-0137,"Gauteng, Sudáfrica",Sistema Agroforestal,Inceptisol,10,2021,9,2,8,10,7.49,6.66,0.96,0.151,58.3,156.9,745.3,124.4,221.9,39.7,267.1,1.26,32.5,3.75,Amarillo-marrón,Homogénea,Regular,1,Moderadas,2,Suelo Moderadamente Saludable,cromatograma_0137.jpg,Color beige indica buena actividad biológica
SOL-0138,"Andalucía, España",Área de Preservación Permanente,Alfisol,20,2021,5,5,5,5,5.24,1.33,4.38,0.155,190.4,487.1,95.2,63.3,142.6,39.0,245.0,0.97,22.2,1.92,Negro,Ligeramente irregular,Muy pobre,4,Moderadas,10,Suelo Saludable,cromatograma_0138.jpg,Color beige indica buena actividad biológica
SOL-0139,"California, EE.UU.",Sistema Agroforestal,Ferralsol Rojo Hidratado,10,2023,6,1,4,6,5.34,6.85,2.59,0.124,34.5,131.4,750.8,132.9,104.6,337.7,161.5,1.17,16.1,3.67,Gris,Muy irregular,Buena,12,Ausentes,5,Suelo con Deficiencias,cromatograma_0139.jpg,Color beige indica buena actividad biológica
SOL-0140,"Andalucía, España",Agricultura Biodinámica,Mollisol,15,2024,4,1,8,9,5.98,4.66,4.5,0.031,89.3,434.5,313.7,131.5,326.8,131.0,290.8,1.24,49.0,1.63,Marrón oscuro,Ligeramente irregular,Excelente,3,Fuertes,8,Suelo Muy Saludable,cromatograma_0140.jpg,Zona central compacta
SOL-0141,"Chiapas, México",Área en Barbecho,Ultisol,20,2021,10,5,7,5,6.44,3.48,4.06,0.019,189.0,271.5,126.1,122.8,398.6,221.7,137.0,1.36,35.6,2.17,Beige claro,Homogénea,Pobre,14,Débiles,6,Suelo con Deficiencias,cromatograma_0141.jpg,Buena distribución mineral-orgánica
SOL-0142,"Oaxaca, México",Bosque Atlántico Remanente,Ultisol,20,2023,7,3,2,4,6.97,6.48,2.3,0.494,86.8,161.3,414.4,120.6,339.8,140.5,295.6,1.57,28.0,1.29,Marrón claro,Muy irregular,Regular,1,Fuertes,6,Suelo con Deficiencias,cromatograma_0142.jpg,Patrón irregular sugiere estrés del suelo
SOL-0143,"Karnataka, India",Cultivo con Cobertura Verde,Mollisol,5,2019,9,4,1,3,5.98,1.62,0.41,0.22,129.5,441.8,242.6,52.7,288.6,378.1,207.0,1.32,55.5,2.74,Marrón oscuro,Irregular,Pobre,8,Ausentes,6,Suelo Moderadamente Saludable,cromatograma_0143.jpg,Buena distribución mineral-orgánica
SOL-0144,"Umbria, Italia",Permacultura,Vertisol,20,2023,7,3,4,3,6.35,2.22,1.56,0.198,82.5,250.4,263.7,21.3,68.9,125.9,197.7,1.42,20.2,3.93,Amarillo-marrón,Irregular,Excelente,8,Moderadas,2,Suelo Moderadamente Saludable,cromatograma_0144.jpg,Color beige indica buena actividad biológica
SOL-0145,"Évora, Portugal",Agricultura Convencional,Andisol,15,2020,1,1,3,3,7.49,1.84,2.85,0.343,58.5,281.7,280.5,66.4,485.8,189.0,66.5,1.25,58.0,2.61,Marrón oscuro,Muy irregular,Buena,5,Ausentes,2,Suelo Degradado,cromatograma_0145.jpg,Zona central compacta
SOL-0146,"Toulouse, Francia",Transición Agroecológica,Ultisol,20,2019,1,1,8,9,4.65,4.5,3.28,0.117,196.9,211.7,652.3,34.3,409.4,352.9,266.9,1.34,29.1,1.75,Amarillo-marrón,Homogénea,Excelente,10,Fuertes,9,Suelo Muy Saludable,cromatograma_0146.jpg,Terminaciones de zona media sin picos
SOL-0147,"Boqueirão, Paraíba, Brasil",Siembra Directa,Ultisol,10,2020,9,5,3,2,5.51,5.31,1.51,0.475,84.8,316.8,454.4,107.3,181.8,341.5,139.7,0.95,55.0,2.77,Gris,Irregular,Excelente,5,Moderadas,6,Suelo Moderadamente Saludable,cromatograma_0147.jpg,Zonas bien definidas y proporcionadas
SOL-0148,"Rift Valley, Kenia",Bosque Atlántico Remanente,Ferralsol Rojo Hidratado,20,2024,9,6,2,3,7.35,1.91,0.95,0.395,179.3,123.6,283.5,58.5,491.0,98.9,65.4,1.08,42.1,0.93,Beige claro,Muy irregular,Regular,7,Ausentes,1,Suelo Degradado,cromatograma_0148.jpg,Ausencia de nubes enzimáticas
SOL-0149,"São Paulo, Brasil",Siembra Directa,Ultisol,10,2022,4,3,9,7,8.08,7.3,4.22,0.054,49.8,226.0,507.8,146.6,320.8,327.0,23.5,1.15,52.2,3.61,Amarillo-marrón,Irregular,Pobre,5,Moderadas,8,Suelo Muy Saludable,cromatograma_0149.jpg,Color oscuro indica baja actividad biológica
SOL-0150,"Mayabeque, Cuba",Cultivo Mínimo,Alfisol,5,2022,9,9,3,1,6.55,2.39,4.93,0.215,46.6,486.2,587.1,99.7,312.1,199.5,176.7,1.23,59.3,2.26,Marrón claro,Muy irregular,Excelente,0,Moderadas,1,Suelo Moderadamente Saludable,cromatograma_0150.jpg,Alta densidad de líneas radiales
